review_id,emojis
review-1,😉👍👏👌
review-14,🌸
review-31,💖
review-35,💝
review-45,🙏
review-47,😘😘😘
review-50,😊❤❤😊
review-53,😊
review-55,😊
review-58,💯
review-61,☔
review-63,🥰🥰
review-64,😊
review-70,👍👍👍
review-71,😁
review-83,👍👍
review-92,❤
review-95,🥰🥰👌💯
review-120,🥰❤❤👌👌👌
review-127,🤬
review-141,🙏🏻👌🏻
review-145,🤍
review-146,💛
review-147,😊👍🏻
review-148,🎣🧢
review-149,😊😊😊😊
review-153,✔✔✔✔✔✔✔✔☺
review-155,👍❤😘😊
review-165,😍☺
review-167,👍
review-170,😎😎😎🤘🤘🤘😂😂😂
review-173,👏👏
review-175,💕
review-176,🙂👍
review-177,👍
review-182,👍👍👍♥♥♥👍👍👍
review-188,😁✌😄👍
review-199,😁😁
review-200,😋😃🙂
review-211,💚
review-213,♥
review-228,🫰🫰🫰💜
review-229,😍
review-231,🫰🏻🫶🏻
review-247,😠
review-262,🙄
review-270,😭😭
review-272,🤣
review-282,😍❤
review-283,😂😂
review-287,😍✨
review-288,🖤😑
review-292,❣❣
review-295,😁
review-296,👏🏻👏
review-297,😓❤❤
review-300,🫶🏻💝
review-301,✅✅
review-306,👌
review-309,😂🙃🙃
review-313,❤
review-318,👍👍👍👍👍
review-322,🥰😵🤭🎉🥰😵🌸🎉
review-327,😊
review-328,😊😇❤
review-338,👖
review-341,❤
review-343,🥰☺💙
review-351,😭😭😭😭😭
review-357,😔
review-362,😡
review-365,😒😒😒😒😒😒😒😒
review-372,👍🏾
review-373,😀
review-380,😠😠😠
review-389,🤩
review-391,🫰😅🥰
review-396,🟤😁
review-397,❤🥰
review-398,😇
review-418,☺
review-421,💖
review-434,😊
review-435,🔥❤
review-441,😇🙆
review-444,😁😊
review-448,😍
review-457,🥰
review-467,☺❤
review-472,😁
review-475,👍👍👍👍👍👍👍
review-476,♥♥💜
review-486,🥰
review-488,🤭😙😹🫰🫶
review-490,👌
review-494,💗
review-501,☺
review-505,❤☺❤
review-510,🥰
review-516,👍
review-518,👌😏
review-529,🙏😇
review-534,🥰
review-538,♥🙏♥😘
review-549,✅✅
review-565,☺
review-584,👍
review-589,🔥
review-600,😊😊✋
review-607,😍🫰🫰🫰
review-608,☺
review-612,❤❤❤
review-614,☹
review-654,🙌🏻🩵🩷🖤🧡💛💙
review-661,😒😒😒😒😒😒
review-667,😅
review-669,😡
review-707,🫰👌
review-708,😄
review-713,🥰👍👍👍
review-714,👍👍👍
review-725,🫶🏻🫶🏻
review-735,😊❤
review-741,😘
review-747,😍
review-750,❤
review-759,👌🏻
review-769,😉
review-774,❤
review-783,☺
review-789,☺
review-804,🤦♀
review-806,👍
review-808,☺🫰
review-812,😊
review-818,🥰
review-823,💞
review-824,😅😆
review-826,😊
review-835,🌟🌟👌
review-837,😅
review-842,👍♥♥♥👍
review-846,👊👍
review-849,💕
review-851,🚚😘
review-872,👍👍👍👍👍👍👍👍👍👍👍👍👍
review-873,🥰🤎🤎🤎
review-875,👍
review-878,🤩😍🤗
review-879,☺💯
review-885,😭😭😭😭😭😭
review-886,✅😡
review-891,😭😭
review-894,😠😠😠😠😠
review-895,🙄
review-896,😂
review-906,🙄
review-916,😔
review-922,🥰
review-928,😠😠😠
review-929,😊
review-932,🥴
review-936,💯🤗
review-943,😢
review-950,😁😁😁😅😅😅
review-953,💯❤💯❤💯❤😍😍🙏🎀💓💓💓🎀
review-954,☺
review-955,😔😁😁
review-957,😁
review-989,😭
