review_id,product_name,review_text,date,sentiment_score,sentiment
review-1,Lucky Me! Pancit Canton Chilimansi 6pcs,Taste: 100 Quality: 10 All time favorite. Salamat sa fast delivery at ky rider so very kind. Thank you so much seller this is my 4th purchase 😉👍👏👌,2023-03-09,0.5305,positive
review-2,Lucky Me! Pancit Canton Chilimansi 6pcs,"Taste: Ok Quality: Ok Occasion: Ok The item arrived well-packed and in perfect condition. It's easy to use and works just as described. The seller was straightforward and reliable, making this a great buy.",2023-09-24,0.5098,positive

#for review 3 i thinl ite neutral

review-3,Lucky Me! Pancit Canton Chilimansi 6pcs,Texture: The noodles are so chewy and firm! Satisfying! Flavor: I really enjoy this chili calamansi flavor Number 1 Pancit canton from lucky me. + arrived in perfect condition! Delived contactless and door to door. Long expiry date! Will expire in January 2027 and received by august 2026,2026-08-08,-0.3168,negative
review-4,Lucky Me! Pancit Canton Chilimansi 6pcs,Texture: chewy satisfying texture Flavor: clamansi balanced thr flavor Quality: meets my expectations comforting to eat,2026-05-10,0.6721,positive
review-5,Lucky Me! Pancit Canton Chilimansi 6pcs,Quality: 10/10 Occasion: for personal use 10/10 Taste: 10/10 As always S&R shopping is the BEST! Thanks Shopee for allowing us to purchase at S&R and packaging was SUPER SECURED! Thanks so much S&R till my next purchase! Thanks so much courier package arrived so secured!,2023-09-24,0.7033,positive
review-6,Lucky Me! Pancit Canton Chilimansi 6pcs,"Thank u shopee at seller S&R , maaus nkdtng parcel ko maaus dn pgkabalot, , gnda ng pagkapack nkabox pa tlga slmt seller , ordeer ako uli sunod , ,thank u dn sa ngddlver.",2023-09-02,0.604,positive
review-7,Lucky Me! Pancit Canton Chilimansi 6pcs,Quality: well-packed and high quality Texture: I enjoy its chewy and firm texture Flavor: balance and tasty chilimansi flavor,2026-07-29,0.7222,positive
review-8,Lucky Me! Pancit Canton Chilimansi 6pcs,Texture: excellent noodles na noodles Flavor: fav ko super sarap! Quality: pang mamahalin na Canton! Fav ko ito sa lahat ng flav super sarap at savory pa nya!,2026-06-17,0.7059,positive
review-9,Lucky Me! Pancit Canton Chilimansi 6pcs,Texture: the noodles have a chewy and firm texture that i enjoy. Flavor: the noodles have a chewy and firm texture that i enjoy. Quality: the product feels high quality and well packed,2026-06-27,0.7101,positive
review-10,Lucky Me! Pancit Canton Chilimansi 6pcs,Quality: fresh and high quality Texture: firm texture of noodles Flavor: balanced flavor Well packed,2026-07-28,0.661,positive
review-11,Lucky Me! Pancit Canton Chilimansi 6pcs,Quality: quality is 10/10 Texture: chewy and firm texture Flavor: chilimansi Good packaging.,2026-07-23,0.7183,positive
review-12,Lucky Me! Pancit Canton Chilimansi 6pcs,"Texture: The noodles have a chewy texture that I enjoy. Flavor: There is a balance of spicy, sweet and sour notes. Quality: This product is high quality. Our all time favorite merienda. Thank you.",2026-06-07,0.589,positive
review-13,Lucky Me! Pancit Canton Chilimansi 6pcs,"Quality: The noodles have met my expectations. Taste: The flavor is balanced with a touch of sweetness, spice, and sourness Texture: The noodles are chewy and enjoyable when cooked.",2026-04-02,0.0625,positive
review-14,Lucky Me! Pancit Canton Chilimansi 6pcs,"Quality: THE PACKAGING IS HIGH QUALITY AND SECURED Texture: I ENJOY THE CHEWY AND THE NOODLES Flavor: THERES A BALANCE BETWEEN SWEET AND SPICY I REALLY RECOMMEND THIS SHOP, THIS IS LEGIT SHOP I RATE THIS AS 100 STARS ⭐️ BUY NOW IN THIS SHOP VERY RECOMMENDED 🌸",2026-07-28,0.481,positive
review-15,Lucky Me! Pancit Canton Chilimansi 6pcs,the priduct feela hig quality and well packed i really enjoyed the tangy and refreshing kalamansi flavor,2026-05-28,0.7179,positive
review-16,Lucky Me! Pancit Canton Chilimansi 6pcs,"Texture: stir fried noodles Flavor: chilimansi,may favourite Quality: good, well packed Thank you",2026-07-04,0.6774,positive
review-17,Lucky Me! Pancit Canton Chilimansi 6pcs,Texture: chewy and firm when cooked Flavor: chilimansu flavor Quality: good quality and well packed,2026-06-25,0.6774,positive
review-18,Lucky Me! Pancit Canton Chilimansi 6pcs,Texture: nice texturei Flavor: chili and calamansi flavor Quality: good quality well packed,2026-05-21,0.6703,positive
review-19,Lucky Me! Pancit Canton Chilimansi 6pcs,Taste: good Occasion: none Quality: good Packed well delivered early will buy again in no time,2025-07-05,0.2063,positive
review-20,Lucky Me! Pancit Canton Chilimansi 6pcs,Quality: Masarap Texture: Maganda texture Flavor: Sweet and spicy,2026-07-24,0.7222,positive
review-21,Lucky Me! Pancit Canton Chilimansi 6pcs,"Item Quality: Excellent quality! The material feels durable and matches the description perfectly. Packaging: Packaged very securely with thick bubble wrap and cardboard protection. Zero damage to the item or box during transit. Delivery & Service: Arrived faster than expected. The seller processed and shipped out the order on the same day, and the courier rider was polite. Will definitely order again from this shop! Highly recommended!",2026-07-24,0.573,positive
review-22,Lucky Me! Pancit Canton Chilimansi 6pcs,Texture: ok Flavor: good Quality: nice ang laki ng lalagyan mura pa tapos masarap madali cia iprepare d na kailangan lutuin ng matagal lagyan mo lang mainit na tubig ready na kainin goods for diet,2026-07-08,0.5425,positive
review-23,Lucky Me! Pancit Canton Chilimansi 6pcs,Items are complete and in good condition. You get your money's worth and is beyond my expectations. What you see is what you get. The app is also easy to use and is user friendly. Hoping to get more points to use for shopping. Delivery was fast. Delivery man is very polite and practices contactless delivery. Thankyou seller. Will surely return to your shop. :),2024-03-15,0.5954,positive
review-24,Lucky Me! Pancit Canton Chilimansi 6pcs,"Texture: The noodles have a chewy and firm texture that I enjoy. Flavor: There's a nice mix of sweet, spicy I love the taste Quality: The product is high quality ang week packed.",2026-07-16,0.5714,positive
review-25,Lucky Me! Pancit Canton Chilimansi 6pcs,Quality: nice Taste: good Occasion: ok super mura sa halagang 102 may 12 pcs ka n ng pancit canton legit soya safe at mabilis pang naideliver,2023-09-10,0.4028,positive
review-26,Lucky Me! Pancit Canton Chilimansi 6pcs,Quality: feels high quality and packed good Texture: chewy and firm Flavor: chilimansi flavor give the flavorful taste to the product,2026-07-26,0.4545,positive
review-27,Lucky Me! Pancit Canton Chilimansi 6pcs,Texture: chewy and firm texture. Flavor: Chilimansi flavor. Quality: high quality and well -packed,2026-07-04,0.7436,positive
review-28,Lucky Me! Pancit Canton Chilimansi 6pcs,"i really like it, affordable and good. thank you seller for packing it so fast for delivery. it was a good buy, very good value for money",2025-07-13,0.6762,positive
review-29,Lucky Me! Pancit Canton Chilimansi 6pcs,Texture: complete 6pcs. dumating sa amin chilimansi Flavor: chilimansi pancit Canton Quality: accurate,2026-04-22,-0.5082,negative
review-30,Unknown Product,Colour: very good Material Quality: very good Appearance: very good Ang Ganda nya grabe gustong gusto q sya at Marami pang bulsa thanks po seller at sa nag deliver din po salamat din sa iyo Ang bilis kaka order q lang dumating kaagad,2026-01-17,0.6296,positive
review-31,Unknown Product,"Colour: black color bag Material Quality: the bag made from good quality material, feels sturdy and durable Appearance: looks neat and stylish Thank you seller, Godbless 💖",2026-05-09,0.5263,positive
review-32,Unknown Product,Colour: violet Appearance: good Material Quality: good Marami syang malagyan at gustong gusto ng anak ko dahil five zipper salamat seller,2025-09-06,0.3578,positive
review-33,Unknown Product,Appearance: good Material Quality: good Colour: very good Hnd kopa cya na try but I really like it so much,2025-08-18,0.7279,positive
review-34,Unknown Product,"Good quality. This is my more order in this shop, the price is very comfortable its perfect for my small business. The packages is good no damages at all. Thankyou very much seller nicacanoveno",2025-11-18,0.6023,positive
review-35,Unknown Product,Appearance: Good quality Material Quality: Good Colour: Black Thankyouuu seller for the fast delivery and good quality💝,2025-09-22,0.6795,positive
review-36,UV Protection Umbrella Automatic Folding Umbrella Lightweight Compact Sun Umbrella for Women 3,"Natanggap ko po itong items..para po sa akin nice nagustuhan ko po at walang sira yung isa payong ito autumatic nice at yung itong isa payong ay manual nice 4 pesos lang itong payong manual,thanks seller sapag sent picture,thanks seller at delivery boy,",2025-06-24,0.4972,positive
review-37,UV Protection Umbrella Automatic Folding Umbrella Lightweight Compact Sun Umbrella for Women 3,"Hesitant ako mg receive ng items kasi when I asked the seller if solar si lights, they told me no. Pero nasa description naman na solar kaya sinubukan ko parin e receive. Good thing solar talaga xa. Kudos sa shop at mabilis sila mg ship out ng orders. All items are in good condition.",2023-11-12,0.2308,positive
review-38,UV Protection Umbrella Automatic Folding Umbrella Lightweight Compact Sun Umbrella for Women 3,"Quality: durable and looks sturdy Appearance: looks attractive Suitability: suitable The material looks sturdy,durable and affordable, suit to my needs",2026-02-10,0.5775,positive
review-39,UV Protection Umbrella Automatic Folding Umbrella Lightweight Compact Sun Umbrella for Women 3,Quality: good Appearance: good Suitability: good Okay po lahat nung orders ko .tsaka bago iship nagchat muna si seller .maraming saLamat po.,2023-05-25,0.6117,positive
review-40,UV Protection Umbrella Automatic Folding Umbrella Lightweight Compact Sun Umbrella for Women 3,Quality: good Appearance: good Suitability: good Good naman the manual umbrella cheap price good condition not sure sa battery charger good condition namn,2023-06-01,0.6721,positive
review-41,UV Protection Umbrella Automatic Folding Umbrella Lightweight Compact Sun Umbrella for Women 3,"Suitability: Matibay Appearance: 10/10 Quality: 10/10 I already received my parcel, thank you so much seller and rider talaga siya perfect din ang quality order ulit Ako recommend this shop talaga as always thank you po",2025-09-15,0.6107,positive
review-42,UV Protection Umbrella Automatic Folding Umbrella Lightweight Compact Sun Umbrella for Women 3,"Quality: the umbrella looks durable Appearance: attractive and matches my expectations Suitability: practical sunshades legit shop,, akala ko talaga si paying ang dadating,, nakuha ko sya as free naka timing ako na nag promo si seller,, salamat pod talaga, dito na po ako bibili sa shop nyo ng iba ko pang kailangan, Thank you po uli,",2026-07-02,0.5789,positive
review-43,UV Protection Umbrella Automatic Folding Umbrella Lightweight Compact Sun Umbrella for Women 3,Quality: mgnda at mukhng mtibay sya Suitability: skto ngyng tag ulan Appearance: gnda ng kulay dble p ung blot nya slmat po kht late sya ai ok lng mhlga skn ndliver at mgnda ala dn dmge slmat po,2025-07-05,0.505,positive
review-44,UV Protection Umbrella Automatic Folding Umbrella Lightweight Compact Sun Umbrella for Women 3,Suitability: tma lhat Quality: mganda Appearance: good Tnx seller DHL tma lhat at mganda poh maaus items complete,2023-12-01,0.5652,positive
review-45,UV Protection Umbrella Automatic Folding Umbrella Lightweight Compact Sun Umbrella for Women 3,Suitability: sustainable Quality: good Appearance: super nice It’s a great relief for us to have a team member who manages themselves. Your effort is deeply appreciated. Thank you team B-Suretech. Godbless our team. Morrreee Projects to come! 🙏 Insert Cris Martin,2023-07-24,0.7107,positive
review-46,UV Protection Umbrella Automatic Folding Umbrella Lightweight Compact Sun Umbrella for Women 3,Appearance: Beautiful i received the exact color Quality: looks likes durable Suitability: easy to carry suits in my bag,2025-07-16,0.5238,positive
review-47,UV Protection Umbrella Automatic Folding Umbrella Lightweight Compact Sun Umbrella for Women 3,"order na supper legit yong Seler nato.. i order 2 mineFan and umbrella. and its cost only 87 pisos! take note 3 items nayun, thankyou seler😘😘😘",2025-01-17,0.5833,positive
review-48,UV Protection Umbrella Automatic Folding Umbrella Lightweight Compact Sun Umbrella for Women 3,"Quality: very good quality swak na swak Appearance: looks good,,very very good Suitability: good talaga sa araw",2026-04-06,0.6923,positive
review-49,UV Protection Umbrella Automatic Folding Umbrella Lightweight Compact Sun Umbrella for Women 3,"Appearance: good Quality: good Suitability: good Ok naman walang damage salamat shopper ,,seller at syempre kua rider dapat ganyan ang serbisyo para madami pa ang mag order sa shop NIU sir/madam thank you so much",2024-06-28,0.2437,positive
review-50,UV Protection Umbrella Automatic Folding Umbrella Lightweight Compact Sun Umbrella for Women 3,Suitability: 10/10 Appearance: 10/10 Quality: 10/10 Salamat po at may magagamit na sa panahong kelangan ng pandong😊. Sulit presyo po❤️❤️😊.,2023-12-13,0.717,positive
review-51,UV Protection Umbrella Automatic Folding Umbrella Lightweight Compact Sun Umbrella for Women 3,"Quality: Good Suitability: Good Appearance: Good Super secured yung packaging niya, it's good.",2025-06-25,0.6988,positive
review-52,UV Protection Umbrella Automatic Folding Umbrella Lightweight Compact Sun Umbrella for Women 3,Quality: very good Appearance: very good Suitability: very good. Perfect,2023-06-17,0.7368,positive
review-53,UV Protection Umbrella Automatic Folding Umbrella Lightweight Compact Sun Umbrella for Women 3,"Suitability: packaging is good Appearance: very good Thank you seller,Thank you Shoppe 😊",2024-06-29,0.6732,positive
review-54,UV Protection Umbrella Automatic Folding Umbrella Lightweight Compact Sun Umbrella for Women 3,Quality: maganda at matibay Appearance: actractive din Yung design very clean looking lng Suitability: practical and needed pag naalis Sulit at worth it Yung payung matibay,2026-01-08,0.7159,positive
review-55,UV Protection Umbrella Automatic Folding Umbrella Lightweight Compact Sun Umbrella for Women 3,Appearance: ok Suitability: ok Quality: very good thank you sa good quality ng payong at mini fan 😊,2024-05-03,0.6,positive
review-56,UV Protection Umbrella Automatic Folding Umbrella Lightweight Compact Sun Umbrella for Women 3,"Appearance: 10 out of 10 kahit sa 4 pesos lang walang damage Thankyou seller Quality: Maganda Thankyou seller kahit 4 pesos lang wala damage ang items,,",2025-06-23,0.4118,positive
review-57,UV Protection Umbrella Automatic Folding Umbrella Lightweight Compact Sun Umbrella for Women 3,Quality: 10/10 Appearance: good Suitability: good Maganda good for its pricee thankyou seller,2024-07-09,0.7006,positive
review-58,UV Protection Umbrella Automatic Folding Umbrella Lightweight Compact Sun Umbrella for Women 3,Quality: 10/10 Appearance: 10/10 Suitability: 10/10 💯,2025-07-17,0.7419,positive
review-59,UV Protection Umbrella Automatic Folding Umbrella Lightweight Compact Sun Umbrella for Women 3,Quality: good Appearance: good Suitability: good Maganda mukhang tatagal naman siya,2023-07-29,0.5495,positive
review-60,UV Protection Umbrella Automatic Folding Umbrella Lightweight Compact Sun Umbrella for Women 3,Quality: good Ganda Nang item,2024-11-29,0.697,positive
review-61,UV Protection Umbrella Automatic Folding Umbrella Lightweight Compact Sun Umbrella for Women 3,Quality: g Appearance: g Suitability: g Stay safe and dry while enjoying a cup of best KAPE-ling sa maulang panahon ☔,2025-09-09,0.4286,positive
review-62,UV Protection Umbrella Automatic Folding Umbrella Lightweight Compact Sun Umbrella for Women 3,Appearance: Maganda po sya Quality: Goods po,2025-07-08,0.7059,positive
review-63,UV Protection Umbrella Automatic Folding Umbrella Lightweight Compact Sun Umbrella for Women 3,Quality: nice Suitability: nice Salamat nice ky baratu ra 🥰🥰,2025-07-14,0.6842,positive
review-64,UV Protection Umbrella Automatic Folding Umbrella Lightweight Compact Sun Umbrella for Women 3,Quality: ok Appearance: ok Suitability: ok Thank you so much😊,2023-04-30,0.4737,positive
review-65,UV Protection Umbrella Automatic Folding Umbrella Lightweight Compact Sun Umbrella for Women 3,Thank you seller at kay kuya rider . Worth it ang piso sa UV umbrella,2024-07-03,0.5775,positive
review-66,UV Protection Umbrella Automatic Folding Umbrella Lightweight Compact Sun Umbrella for Women 3,Quality: good highly recommend Appearance: good Suitability: good,2026-01-09,0.696,positive
review-67,UV Protection Umbrella Automatic Folding Umbrella Lightweight Compact Sun Umbrella for Women 3,Quality: very good Suitability: good Appearance: very good,2025-08-07,0.7087,positive
review-68,UV Protection Umbrella Automatic Folding Umbrella Lightweight Compact Sun Umbrella for Women 3,Appearance: good Quality: good Suitability: good Salamat seller,2024-12-11,0.6748,positive
review-69,UV Protection Umbrella Automatic Folding Umbrella Lightweight Compact Sun Umbrella for Women 3,Appearance: good Suitability: good,2024-07-22,0.6721,positive
review-70,UV Protection Umbrella Automatic Folding Umbrella Lightweight Compact Sun Umbrella for Women 3,"Thank You seller, nhkahabol png christmas party..Excellent Quality👍👍👍",2023-12-17,0.6933,positive
review-71,UV Protection Umbrella Automatic Folding Umbrella Lightweight Compact Sun Umbrella for Women 3,Quality: good quality Makapal tela kaso yong kaw nya maliit 😁,2025-06-30,0.6739,positive
review-72,UV Protection Umbrella Automatic Folding Umbrella Lightweight Compact Sun Umbrella for Women 3,Quality: 10/10 Appearance: 10/10 Suitability: mukhang matibay,2026-04-07,0.7321,positive
review-73,UV Protection Umbrella Automatic Folding Umbrella Lightweight Compact Sun Umbrella for Women 3,Quality: GOOD Suitability: GOOD Appearance: Excellent,2025-07-10,0.7345,positive
review-74,UV Protection Umbrella Automatic Folding Umbrella Lightweight Compact Sun Umbrella for Women 3,Appearance: ok naman siya Quality: ang ganda ng item na bili ko,2025-07-08,0.2,positive
review-75,UV Protection Umbrella Automatic Folding Umbrella Lightweight Compact Sun Umbrella for Women 3,The product is real I get the product 19pisos just order here,2025-01-06,0.6774,positive
review-76,UV Protection Umbrella Automatic Folding Umbrella Lightweight Compact Sun Umbrella for Women 3,"maganda siya. very simple. mas bet ko ganyan kesa sa madaming colors. plus the solar power, no need mamroblema sa sasaksakan.",2023-11-13,0.5778,positive
review-77,UV Protection Umbrella Automatic Folding Umbrella Lightweight Compact Sun Umbrella for Women 3,Quality: good Appearance: good Nice,2024-07-10,0.6667,positive

#review 78 is neutral (mixed)

review-78,UV Protection Umbrella Automatic Folding Umbrella Lightweight Compact Sun Umbrella for Women 3,"Appearance: 10/10 Suitability: 10/10 Quality: 9/10 Okay yung item at working naman. Ang problema lang ang SPX, June 9 ko inorder at napickup ng courier tapos nareceived ko lang ngayong June 24, 15 days ang delivery sa payong at walang update after June 10. Yung CSR ni shopee wala rin, wala nga silang info kung saan na ang item basta underway daw, 2 weeks underway LoL. Yung nagdelivery sa bahay ay walang problema. Ang respobsible ay ang driver from SOC- Negros> 13 days biyahe without updates.",2025-06-24,0.1333,positive
review-79,UV Protection Umbrella Automatic Folding Umbrella Lightweight Compact Sun Umbrella for Women 3,Quality: 10/10 Suitability: 10/10 Appearance: 10/10,2024-07-12,0.75,positive

#review 80 is neutral why? (simple lang pwede n)

review-80,UV Protection Umbrella Automatic Folding Umbrella Lightweight Compact Sun Umbrella for Women 3,Appearance: Simple lang Suitability: Pwede na,2026-07-06,0.6364,positive
review-81,UV Protection Umbrella Automatic Folding Umbrella Lightweight Compact Sun Umbrella for Women 3,Appearance: good Quality: good,2023-05-19,0.6774,positive
review-82,UV Protection Umbrella Automatic Folding Umbrella Lightweight Compact Sun Umbrella for Women 3,Quality: Good Appearance: Nice Worth it.,2024-07-07,0.6667,positive
review-83,UV Protection Umbrella Automatic Folding Umbrella Lightweight Compact Sun Umbrella for Women 3,Quality: good Appearance: 👍👍,2024-09-08,0.6703,positive
review-84,UV Protection Umbrella Automatic Folding Umbrella Lightweight Compact Sun Umbrella for Women 3,Suitability: good Quality: good Appearance: good,2023-10-25,0.6774,positive
review-85,UV Protection Umbrella Automatic Folding Umbrella Lightweight Compact Sun Umbrella for Women 3,Appearance: good Suitability: good Quality: good,2025-10-28,0.6774,positive

review 86 is neutral (mixed)

review-86,UV Protection Umbrella Automatic Folding Umbrella Lightweight Compact Sun Umbrella for Women 3,Fast delivery average durability,2025-07-10,0.6296,positive
review-87,UV Protection Umbrella Automatic Folding Umbrella Lightweight Compact Sun Umbrella for Women 3,Good quality mukang matibay mura ko lang nabili,2025-11-12,0.6,positive
review-88,UV Protection Umbrella Automatic Folding Umbrella Lightweight Compact Sun Umbrella for Women 3,Quality: hnd diniliver ng rider Appearance: hnd diniliver ng rider Suitability: hnd diniliver ng rider,2026-06-22,0.0,neutral
review-89,UV Protection Umbrella Automatic Folding Umbrella Lightweight Compact Sun Umbrella for Women 3,"Maganda sya,nagustuhan ng panganay ko Tama malapit na pasukan.oorder pko para skin Naman iba kulay Naman",2024-07-08,0.625,positive
# review-90 is positive because it says the quality is nice.
review-90,UV Protection Umbrella Automatic Folding Umbrella Lightweight Compact Sun Umbrella for Women 3,Quality: nice,2023-07-21,0.6552,positive
# review-91 is positive because it says the umbrella is thick and sturdy, and the reviewer recommends it.
review-91,UV Protection Umbrella Automatic Folding Umbrella Lightweight Compact Sun Umbrella for Women 3,"Makapal at matibay po ung payong recommend po talaga,Salamat seller",2025-07-06,0.6721,positive
# review-92 is positive because it says it was worth the payment even though shipping was far.
review-92,UV Protection Umbrella Automatic Folding Umbrella Lightweight Compact Sun Umbrella for Women 3,Sulit ang bayd kahit na malayo thanks seller ❤️,2025-08-01,0.3506,positive
# review-93 is positive because it says it is good and arrived fast.
review-93,UV Protection Umbrella Automatic Folding Umbrella Lightweight Compact Sun Umbrella for Women 3,Good naman sya mabilis din dumating ayosss,2025-08-29,0.6652,positive
# review-94 is positive because it says it is so nice and fits the reviewer's needs.
review-94,UV Protection Umbrella Automatic Folding Umbrella Lightweight Compact Sun Umbrella for Women 3,So nice tamang tama sa mga parafle ko :),2023-10-17,0.5413,positive
# review-95 is positive because it praises the phone as legit, well packed and quickly shipped (looks like template text).
review-95,Unknown Product,"Quality: Legit Usability: 100% Thank you po🥰🥰 ⭐⭐⭐⭐⭐ Very satisfied with my purchase! The phone is exactly as described, arrived safely, and was packed securely. Fast shipping and reliable seller. Highly recommended!👌💯",2026-07-30,0.7109,positive
# review-96 is positive because it says the item is very nice and useful, the daughter likes it, and the rider was professional.
review-96,Unknown Product,"Quality: 99.9 very good Usability: it is nice and very happy to use really useful Thanks to the shop,we received very nice and good item.my daughter really likes it was really suitable for her to use.thanks to the rider very responsible,good to communicate and very professional.",2026-05-27,0.6604,positive
# review-97 is positive because the reviewer feared a scam but found the item legit, very nice and well wrapped.
review-97,Unknown Product,Satisfy thank you Kay seller Hindi ako binigo first time ko umorder Ng ganito legit tlaga sya ang Ganda nya akala ko ma scam ako sobrang Ganda nya wala na ako masabi at thank you din Kay kuya rider successful Yun order ko maayos pagka wrap nya at thank you so much sa uulitin ulit.,2026-03-03,0.5209,positive
# review-98 is positive because it says the phone looks great and the shop processes orders fast; the reviewer ordered 4 or 5 phones from them.
review-98,Unknown Product,"the phone looks great , should perform well as the specs are really good . This store is great , I've ordered maybe 4 or 5 phones from them for friends and relatives and each time the order is processed very fast and received within 3 days , couldn't be happier with their service",2026-06-10,0.6331,positive
# review-99 is positive because it says the quality is okay for the price and the color is nice (mild).
review-99,Unknown Product,Quality: okay na for its price Usability: ganda kulay,2026-05-03,0.6296,positive
# review-100 is positive because it says the Oppo phone is legit, well packed and fast, and the reviewer ordered a 2nd time.
review-100,Unknown Product,"Well packed, fast deliver and legit Oppo` A3x. The smartphone is seamless to use. This is my 2nd time to order in this shop. Thank you kuya rider and seller.",2026-04-03,0.4643,positive
# review-101 is positive because it says very good quality, legit item, highly recommended.
review-101,Unknown Product,"Quality: very good Usability: very nice thank you so much, legit ang item, hihgly recommended.",2026-06-09,0.6863,positive
# review-102 is positive because it says fast shipping, no damage, and the new Oppo model is nice.
review-102,Unknown Product,"bilis mgship ni seller, dumating ng maayos ang cp at walang damaged, ganda ng bagong model ni oppo, thanks seller",2026-04-20,0.4595,positive
# review-103 is positive because it says the quality is good, it works, and it is already being used (mild).
review-103,Unknown Product,Quality: It's giod Usability: It works. Ginagamit na ng bebe labs ko,2026-05-31,0.5745,positive
# review-104 is positive because it says good quality, nice usability and nice packing.
review-104,Unknown Product,Quality: Good Usability: Nice Maganda ang Pagpapapack,2026-06-20,0.6842,positive
# review-105 is negative because it says the phone feels old, has scratches, and is a counterfeit product.
review-105,Unknown Product,"Quality: parang lumang phone lang sya Wala syang wifi scanner Yung mga emoji nya out dated na,tapos dinikit lang Yung sa camera sa likod,Kasi pag sinindi mo Yung flashlight kita mo Yung gilid nya umiilaw ang dami din gasgas tpos Yung volume nya nasa kbilang side pa na dapat nasa side Ng volume.yung camera parang Yung mga old model na phone tlga. Product: Counterfeit product",2026-07-27,-0.5238,negative
# review-106 is positive because it says legit shop, accommodating seller and good service.
review-106,Unknown Product,Legit shop. Accommodating seller. Good service.,2026-05-22,0.6721,positive
# review-107 is positive because it says the quality is nice and the husband loved it.
review-107,Unknown Product,Quality: maganda po yung quality Niya sobrang nagustuhan ng asawa ko Usability: it is very simple to use and very suitable for my husband for his daily travel,2026-06-20,0.6658,positive
# review-108 is positive because it says the phone is legit, beautiful, and the reviewer is super happy.
review-108,Unknown Product,"wow!!!!!legit po ang phone,,,ang Ganda po,,super happy ko,,thank you so very much,,,super nice oppo phone!loved it!",2026-04-28,0.7325,positive
# review-109 is positive because it says it performs well and is easy to use.
review-109,Unknown Product,Quality: It really performs well Usability: Its easy to use,2026-05-04,0.6875,positive
# review-110 is positive because it thanks the seller for being approachable and sending a photo (mild, hopes it lasts).
review-110,Unknown Product,I am thankful most especially to seller because she is approachable.She send me a picture of my order.i hope the item will lasts.,2026-05-18,0.5714,positive
# review-111 is positive because it says the item arrived well packed, complete and safe (mild).
review-111,Unknown Product,Well pack at complete safe nmn na dumating,2026-05-03,0.375,positive
# review-112 is positive because it says very satisfied with the order.
review-112,Unknown Product,Very satisfied with my order.,2026-01-05,0.7494,positive
# review-113 is positive because it says the phone does not lag and the kids can play PUBG and ML smoothly. The model's negative score is wrong.
review-113,Unknown Product,Hindi nmn xa nagla log aus na panggamit ng mga bagets Makakapaglaro din sila ng pubG ML ng walang log,2026-06-22,-0.7297,negative
# review-114 is negative because it says the quality is bad.
review-114,Unknown Product,Quality: bad,2026-05-24,-0.7222,negative
# review-115 is positive because it says the quality is good.
review-115,Unknown Product,Quality: good,2026-07-28,0.6774,positive
# review-116 is neutral because "Ok naman siya" only says it is okay. The model's negative score is wrong.
review-116,Unknown Product,Ok naman siya,2026-06-19,-0.4595,negative
# review-117 is negative because "Di maganda" means it is not good.
review-117,Unknown Product,Di maganda,2026-04-26,-0.7222,negative
# review-118 is negative because it says it is a bad product.
review-118,Unknown Product,Bad product,2026-05-11,-0.7222,negative
# review-119 is negative because it says the item did not work and the reviewer threw it away.
review-119,Unknown Product,Di gumagana tinapon ko nalang sa inidoro,2026-09-19,-0.5556,negative
# review-120 is positive because it says the item is legit and works well, the package was secure, and the seller sent photos as proof.
review-120,Unknown Product,"Quality: Legit! Works well Usability: Pgdting sa anak ko ng parcel, fullcharge sya Thank you seller, dimu ako binigo! From manila to visayas super secured ng package, wlng damage ung item at tlgng malaki ung nklgay sa plastic na fragile, maasahan ang shop na itu dhil ngsesend ng picture as proof before sending out the item, and lahat ng request ko(make the packaging discreet and secured), definitely will be a repeat purchase soon🥰 ❤️❤️👌👌👌",2026-08-25,0.587,positive
# review-121 is positive because it says the seller is legit, sent a photo before shipping, and the reviewer hopes it lasts (borderline, mostly about the seller). The model's neutral label is arguable.
review-121,Unknown Product,Legit naman sya seller sent me a photo before pina ship wala lang ako vid at picture dahil binigay namin sa aming pamangkin sana mag tagal at okay gamitin salamat po,2026-07-13,-0.0385,neutral
# review-122 is positive because it says thanks for the freebies, the phone is good, and the discount was big.
review-122,Unknown Product,Thank you sa pa freebies maayos at maganda ung cellphone malaki pa ang nadiscount,2026-08-24,0.6774,positive
# review-123 is positive because it says the shop is legit, shipping was fast, and the reviewer wants to buy again.
review-123,Unknown Product,"legit shop! ang bilis din ng shipping, sana makakuha ulit sa susuanod na sale hehe, salamat po",2026-09-08,0.685,positive
# review-124 is positive because it says the store is legit and affordable and the phone is nice.
review-124,Unknown Product,"legit store, very nice, affordable. maganda ang phone, legit seller. salamat at nakarating ng maayos",2026-08-26,0.6765,positive
# review-125 is positive because it says the phone is beautiful, smooth, has a clear camera and long battery life. The model's negative score is wrong.
review-125,Unknown Product,"First time ko lang bumili ng ganitong klaseng phone, ang ganda, smooth malinaw din camera at matagal din malowbat, secured na secured talaga siya ka received ko ng parcel. Sana magtagal.",2026-03-20,-0.2716,negative
# review-126 is positive because it says the phone performs well and is simple.
review-126,Unknown Product,Quality: the phone perform well Usability: it is a simple,2026-05-18,0.6491,positive
# review-127 is negative because it says the phone feels hard, is a clone, and the 5k was wasted, with a curse word.
review-127,Unknown Product,Matigas not soft touch Sayang bayad 5k + tapos clone TANG INA🤬,2026-09-01,-0.3846,negative
# review-128 is positive because it says good quality, the sibling liked it, and the reviewer will order again.
review-128,Unknown Product,Quality: Good Usability: nagustuhan ng kapatid ko thank you seller order ako ulit,2026-09-11,0.6479,positive
# review-129 is positive because it says the phone feels reliable, is simple, affordable, and the reviewer will order again.
review-129,Unknown Product,Quality: the smart phone feels reliable for every day use Usability: the smart phone is simple to use Thank you so much seller very nice and affordable price till my next orders,2026-08-20,0.6579,positive
# review-130 is negative because it says the phone always hangs, the battery drains fast, it seems not original, and not recommended.
review-130,Unknown Product,"Walang kwenta, laging nag hahang, nkakainis, bago kuno pero parang d nman original. Ang bilis malowbat, not recomended...",2026-05-19,-0.7321,negative
# review-131 is positive because it thanks Shopee and the seller for great value and says it is highly recommended.
review-131,Unknown Product,"Thank you shopee and to the seller for this great value for money promo, highly recommended and will surely order again",2026-01-20,0.6212,positive
# review-132 is positive because it says the quality is good.
review-132,Unknown Product,Quality: good,2026-05-12,0.6774,positive
# review-133 is negative because it says the charger is very slow.
review-133,Unknown Product,The charger very slow.,2026-02-28,-0.6753,negative
# review-134 is positive because it says good quality, good usability and worth it.
review-134,Unknown Product,Quality: good Usability: goods Worth it,2026-08-17,0.6703,positive
# review-135 is negative because it says the seller scammed the reviewer and warns others not to buy.
review-135,Unknown Product,Naloko ako ni seller wag kayo bibili,2026-10-05,-0.75,negative
# review-136 is positive because it says legit, fast shipping and awesome package.
review-136,Unknown Product,"Legit to buy, fast shipping, awesome package",2026-03-10,0.697,positive
# review-137 is negative because it says very poor quality.
review-137,Unknown Product,Quality: very poor quality,2026-03-11,-0.7555,negative
# review-138 is negative because "Panget" means ugly or bad.
review-138,Unknown Product,Panget,2026-07-30,-0.7368,negative
# review-139 is positive because it says good quality, awesome appearance, thick material, neat stitching and an approachable seller.
review-139,Outdoor sun hat Camping - Bucket Hat-Mountaineering Cap Fishing CapOut Breathable Comfortable Unisex,Quality: Good Quality Appearance: Awesome Suitability: Nice Quality Makapal at magandang tingnan sa personal. Hindi tinipid sa Material lalo na ang mga tahi pulidong pulido. Approachable si seller lalo na kung may mga katanungan. Follow nadin kayo GodBless Seller,2024-08-14,0.5604,positive
# review-140 is positive because it says the fabric is thick and durable, trendy, fits well, and is worth the price.
review-140,Outdoor sun hat Camping - Bucket Hat-Mountaineering Cap Fishing CapOut Breathable Comfortable Unisex,Quality: durable and fabric is thick Appearance: trendy and matches with any outfit Suitability: fits well for hiking or any outdoor activities very high quality product! worth it for its price! adjustable chin straps and thick fabric,2026-04-16,0.6252,positive
# review-141 is positive because it gives 10/10 for everything, praises the stitching and the seller, and will order again.
review-141,Outdoor sun hat Camping - Bucket Hat-Mountaineering Cap Fishing CapOut Breathable Comfortable Unisex,"Quality: 10/10 Appearance: 10/10 Suitability: 10/10 Sobrang ganda ng quality ng camper hat sa shop na'to, makapal at detalyado ang tahi at napaka responsible pa ng mga seller kaya kudos sa shop na'to, fast ship out & shipping pa sila kaya mabilis mo lang marereceived thanks seller will order again soon & thank you din palagi kuys rider william 🙏🏻👌🏻",2024-01-17,0.6094,positive
# review-142 is positive because it says the fabric is thick and durable and it is good for outdoor use and sun protection.
review-142,Outdoor sun hat Camping - Bucket Hat-Mountaineering Cap Fishing CapOut Breathable Comfortable Unisex,"Quality: The fabric is thick and durable. Appearance: The design is simple and efficient. Suitability: Good for people with skin conditions, for doing outdoor activities, and people who don't want to tan.",2026-04-15,0.6667,positive
# review-143 is positive because it says good quality, worth the payment, fast delivery, and the reviewer will order again.
review-143,Outdoor sun hat Camping - Bucket Hat-Mountaineering Cap Fishing CapOut Breathable Comfortable Unisex,"Quality: solid ang ganda Suitability: maganda talaga Appearance: sulit ang bayad Ang bilis ng pagdating, ang ganda pa bg item. Tama lang ngayong tag init. Thank you, Oorder ulet ako nito next time.",2023-04-22,0.638,positive
# review-144 is positive because it says durable, thick and comfortable fabric, trendy look and superb quality.
review-144,Outdoor sun hat Camping - Bucket Hat-Mountaineering Cap Fishing CapOut Breathable Comfortable Unisex,"Quality: feels durable and the fabric is thick and comfortable Appearance: looks trendy and matches the casual outlook Suitability: fits well and can use in camping, hiking or beach outing Superb Quality",2026-04-11,0.6639,positive
# review-145 is positive because it says very good quality, fits any outfit, and the reviewer recommends it.
review-145,Outdoor sun hat Camping - Bucket Hat-Mountaineering Cap Fishing CapOut Breathable Comfortable Unisex,Very maganda very good ang quality and it fits in any outfit for your hiking. I recommend this product 🤍,2025-02-17,0.6547,positive
# review-146 is positive because it says super worth it, thick fabric, sturdy, and highly recommended.
review-146,Outdoor sun hat Camping - Bucket Hat-Mountaineering Cap Fishing CapOut Breathable Comfortable Unisex,"Super duper worth it. Makapal 'yung ginamit na tela, sturdy rin ang pagkakagawa, makikita mo rin na hindi tinipid sa materials and sobrang kalidad. Highly recommended ang shop na 'to especially 'yung product 💛",2022-07-16,0.7053,positive
# review-147 is positive because it says quality exceeds the value, neat stitching, perfect fit, and the reviewer bought one more.
review-147,Outdoor sun hat Camping - Bucket Hat-Mountaineering Cap Fishing CapOut Breathable Comfortable Unisex,"Appearance: Quality exceeds the value of this hat. Had to purchase 1 more for my wife 😊 Quality: Best Quality for its price. Neatly stiched 👍🏻 Suitability: Perfect fit for my son who is already a teen, also fits me ang my fire perfectly.",2025-10-07,0.5745,positive
# review-148 is positive because it says great quality, lightweight, breathable, neat stitching, fast delivery, and highly recommended.
review-148,Outdoor sun hat Camping - Bucket Hat-Mountaineering Cap Fishing CapOut Breathable Comfortable Unisex,"Great quality bucket hat for fishing! The material is lightweight, breathable, and comfortable to wear even under the hot sun. It provides good shade and helps protect my face and neck while fishing. The stitching is neat, and it fits perfectly. Delivery was very fast, the item arrived well-packed, and the seller was responsive. Highly recommended for anglers and anyone who enjoys outdoor activities! 🎣🧢",2026-06-29,0.6715,positive
# review-149 is positive because it says good appearance, comfortable, correct size and color, and the reviewer will order another design.
review-149,Outdoor sun hat Camping - Bucket Hat-Mountaineering Cap Fishing CapOut Breathable Comfortable Unisex,Quality: good Appearance: good Suitability: yes very suitable and comfortable to wear. Received the item correct size and color. Napaka Ganda nya gamiton. Order ulit Ako iBang design.😊😊😊😊,2026-05-30,0.692,positive