review_id,product_name,review_text,date
review-1,Lucky Me! Pancit Canton Chilimansi 6pcs,Taste: 100 Quality: 10 All time favorite. Salamat sa fast delivery at ky rider so very kind. Thank you so much seller this is my 4th purchase 😉👍👏👌,2023-03-09
review-2,Lucky Me! Pancit Canton Chilimansi 6pcs,"Taste: Ok Quality: Ok Occasion: Ok The item arrived well-packed and in perfect condition. It's easy to use and works just as described. The seller was straightforward and reliable, making this a great buy.",2023-09-24
review-3,Lucky Me! Pancit Canton Chilimansi 6pcs,Texture: The noodles are so chewy and firm! Satisfying! Flavor: I really enjoy this chili calamansi flavor Number 1 Pancit canton from lucky me. + arrived in perfect condition! Delived contactless and door to door. Long expiry date! Will expire in January 2027 and received by august 2026,2026-08-08
review-4,Lucky Me! Pancit Canton Chilimansi 6pcs,Texture: chewy satisfying texture Flavor: clamansi balanced thr flavor Quality: meets my expectations comforting to eat,2026-05-10
review-5,Lucky Me! Pancit Canton Chilimansi 6pcs,Quality: 10/10 Occasion: for personal use 10/10 Taste: 10/10 As always S&R shopping is the BEST! Thanks Shopee for allowing us to purchase at S&R and packaging was SUPER SECURED! Thanks so much S&R till my next purchase! Thanks so much courier package arrived so secured!,2023-09-24
review-6,Lucky Me! Pancit Canton Chilimansi 6pcs,"Thank u shopee at seller S&R , maaus nkdtng parcel ko maaus dn pgkabalot, , gnda ng pagkapack nkabox pa tlga slmt seller , ordeer ako uli sunod , ,thank u dn sa ngddlver.",2023-09-02
review-7,Lucky Me! Pancit Canton Chilimansi 6pcs,Quality: well-packed and high quality Texture: I enjoy its chewy and firm texture Flavor: balance and tasty chilimansi flavor,2026-07-29
review-8,Lucky Me! Pancit Canton Chilimansi 6pcs,Texture: excellent noodles na noodles Flavor: fav ko super sarap! Quality: pang mamahalin na Canton! Fav ko ito sa lahat ng flav super sarap at savory pa nya!,2026-06-17
review-9,Lucky Me! Pancit Canton Chilimansi 6pcs,Texture: the noodles have a chewy and firm texture that i enjoy. Flavor: the noodles have a chewy and firm texture that i enjoy. Quality: the product feels high quality and well packed,2026-06-27
review-10,Lucky Me! Pancit Canton Chilimansi 6pcs,Quality: fresh and high quality Texture: firm texture of noodles Flavor: balanced flavor Well packed,2026-07-28
review-11,Lucky Me! Pancit Canton Chilimansi 6pcs,Quality: quality is 10/10 Texture: chewy and firm texture Flavor: chilimansi Good packaging.,2026-07-23
review-12,Lucky Me! Pancit Canton Chilimansi 6pcs,"Texture: The noodles have a chewy texture that I enjoy. Flavor: There is a balance of spicy, sweet and sour notes. Quality: This product is high quality. Our all time favorite merienda. Thank you.",2026-06-07
review-13,Lucky Me! Pancit Canton Chilimansi 6pcs,"Quality: The noodles have met my expectations. Taste: The flavor is balanced with a touch of sweetness, spice, and sourness Texture: The noodles are chewy and enjoyable when cooked.",2026-04-02
review-14,Lucky Me! Pancit Canton Chilimansi 6pcs,"Quality: THE PACKAGING IS HIGH QUALITY AND SECURED Texture: I ENJOY THE CHEWY AND THE NOODLES Flavor: THERES A BALANCE BETWEEN SWEET AND SPICY I REALLY RECOMMEND THIS SHOP, THIS IS LEGIT SHOP I RATE THIS AS 100 STARS ⭐️ BUY NOW IN THIS SHOP VERY RECOMMENDED 🌸",2026-07-28
review-15,Lucky Me! Pancit Canton Chilimansi 6pcs,the priduct feela hig quality and well packed i really enjoyed the tangy and refreshing kalamansi flavor,2026-05-28
review-16,Lucky Me! Pancit Canton Chilimansi 6pcs,"Texture: stir fried noodles Flavor: chilimansi,may favourite Quality: good, well packed Thank you",2026-07-04
review-17,Lucky Me! Pancit Canton Chilimansi 6pcs,Texture: chewy and firm when cooked Flavor: chilimansu flavor Quality: good quality and well packed,2026-06-25
review-18,Lucky Me! Pancit Canton Chilimansi 6pcs,Texture: nice texturei Flavor: chili and calamansi flavor Quality: good quality well packed,2026-05-21
review-19,Lucky Me! Pancit Canton Chilimansi 6pcs,Taste: good Occasion: none Quality: good Packed well delivered early will buy again in no time,2025-07-05
review-20,Lucky Me! Pancit Canton Chilimansi 6pcs,Quality: Masarap Texture: Maganda texture Flavor: Sweet and spicy,2026-07-24
review-21,Lucky Me! Pancit Canton Chilimansi 6pcs,"Item Quality: Excellent quality! The material feels durable and matches the description perfectly. Packaging: Packaged very securely with thick bubble wrap and cardboard protection. Zero damage to the item or box during transit. Delivery & Service: Arrived faster than expected. The seller processed and shipped out the order on the same day, and the courier rider was polite. Will definitely order again from this shop! Highly recommended!",2026-07-24
review-22,Lucky Me! Pancit Canton Chilimansi 6pcs,Texture: ok Flavor: good Quality: nice ang laki ng lalagyan mura pa tapos masarap madali cia iprepare d na kailangan lutuin ng matagal lagyan mo lang mainit na tubig ready na kainin goods for diet,2026-07-08
review-23,Lucky Me! Pancit Canton Chilimansi 6pcs,Items are complete and in good condition. You get your money's worth and is beyond my expectations. What you see is what you get. The app is also easy to use and is user friendly. Hoping to get more points to use for shopping. Delivery was fast. Delivery man is very polite and practices contactless delivery. Thankyou seller. Will surely return to your shop. :),2024-03-15
review-24,Lucky Me! Pancit Canton Chilimansi 6pcs,"Texture: The noodles have a chewy and firm texture that I enjoy. Flavor: There's a nice mix of sweet, spicy I love the taste Quality: The product is high quality ang week packed.",2026-07-16
review-25,Lucky Me! Pancit Canton Chilimansi 6pcs,Quality: nice Taste: good Occasion: ok super mura sa halagang 102 may 12 pcs ka n ng pancit canton legit soya safe at mabilis pang naideliver,2023-09-10
review-26,Lucky Me! Pancit Canton Chilimansi 6pcs,Quality: feels high quality and packed good Texture: chewy and firm Flavor: chilimansi flavor give the flavorful taste to the product,2026-07-26
review-27,Lucky Me! Pancit Canton Chilimansi 6pcs,Texture: chewy and firm texture. Flavor: Chilimansi flavor. Quality: high quality and well -packed,2026-07-04
review-28,Lucky Me! Pancit Canton Chilimansi 6pcs,"i really like it, affordable and good. thank you seller for packing it so fast for delivery. it was a good buy, very good value for money",2025-07-13
review-29,Lucky Me! Pancit Canton Chilimansi 6pcs,Texture: complete 6pcs. dumating sa amin chilimansi Flavor: chilimansi pancit Canton Quality: accurate,2026-04-22review-30
review-30,Unknown Product,Colour: very good Material Quality: very good Appearance: very good Ang Ganda nya grabe gustong gusto q sya at Marami pang bulsa thanks po seller at sa nag deliver din po salamat din sa iyo Ang bilis kaka order q lang dumating kaagad,2026-01-17
review-31,Unknown Product,"Colour: black color bag Material Quality: the bag made from good quality material, feels sturdy and durable Appearance: looks neat and stylish Thank you seller, Godbless 💖",2026-05-09
review-32,Unknown Product,Colour: violet Appearance: good Material Quality: good Marami syang malagyan at gustong gusto ng anak ko dahil five zipper salamat seller,2025-09-06
review-33,Unknown Product,Appearance: good Material Quality: good Colour: very good Hnd kopa cya na try but I really like it so much,2025-08-18
review-34,Unknown Product,"Good quality. This is my more order in this shop, the price is very comfortable its perfect for my small business. The packages is good no damages at all. Thankyou very much seller nicacanoveno",2025-11-18
review-35,Unknown Product,Appearance: Good quality Material Quality: Good Colour: Black Thankyouuu seller for the fast delivery and good quality💝,2025-09-22
